Workbook

Sheet データ
A1: . | B1: 属性値 | C1: 地番（推定） | D1: （㎡） | E1: 収穫日１ | F1: 収穫日２ | G1: 小ﾛｰﾙ200kg | H1: 中ﾛｰﾙ250kg | I1: 微ﾛｰﾙ300kg | J1: 納入先 | K1: 出庫日 | L1: 区分 | M1: 備考（出庫日②） | N1: 収穫者 | P1: 栽培品種 | Q1: 栽培方法 | R1: 収量ｋｇ | S1: 単収ｋｇ
A2: Polygon((132.82524079084435.4121572540504,132.82520055770935.4122534385822,132.8251147270235.4124392492844,132.82504230737735.4126316175601,132.82420009374635.4123780411004,132.82428056001735.4121944162694,132.82435834407835.4120348372075,132.82442003488535.4119167922186,132.82524079084435.4121572540504)) | B2: （株）錦織農園 | C2: 島根県出雲市斐川町原鹿1671 | D2: 4503 | E2: 10/27 | F2: 10/27 | I2: 44 | P2: たちすずか | Q2: 直播（乾田） | R2: =SUM(200*$G2+250*$H2+300*$I2) -> 13200 | S2: =R2/D2*1000 -> 2931.3791
A3: Polygon((132.82616347074535.4130841183979,132.82511204481135.4127846374514,132.8252515196835.4124611093388,132.82535612583235.4122031603185,132.82641291618335.4124960854136,132.82629489898735.4127715214721,132.82616347074535.4130841183979)) | B3: （株）錦織農園 | C3: 島根県出雲市斐川町原鹿1690 | D3: 6893 | E3: 10/27 | F3: 10/27 | I3: 55 | P3: たちすずか | Q3: 直播（乾田） | R3: =SUM(200*$G3+250*$H3+300*$I3) -> 16500 | S3: =R3/D3*1000 -> 2393.7328
A4: Polygon((132.82749116420735.4128043114164,132.82737314701135.4130819324097,132.8273758292235.4130841183979,132.82726049423235.4133748543105,132.82725781202335.4133748543105,132.82703518867535.4139519510595,132.82651484012635.4137377262335,132.82604813575735.4134928971636,132.82621979713435.413073188456,132.82635122537635.4127715214721,132.82635390758535.4127715214721,132.82646656036435.41250482943,132.82749116420735.4128043114164)) | B4: （株）錦織農園 | C4: 島根県出雲市斐川町原鹿1709 | D4: 12446 | E4: 10/28 | F4: 10/28 | I4: 117 | P4: たちすずか | Q4: 直播（乾田） | R4: =SUM(200*$G4+250*$H4+300*$I4) -> 35100 | S4: =R4/D4*1000 -> 2820.1832
A5: Polygon((132.82434225082435.4146295972692,132.82489478588135.4148481916051,132.82510399818435.4143672832834,132.82551705837235.4145290436756,132.82579064469235.4139825545596,132.82475531101235.4136284276335,132.82434225082435.4146295972692)) | B5: （株）錦織農園 | C5: 島根県出雲市斐川町原鹿2032 | D5: 9564 | E5: 10/28 | F5: 10/28 | I5: 96 | P5: たちすずか | Q5: 直播（乾田） | R5: =SUM(200*$G5+250*$H5+300*$I5) -> 28800 | S5: =R5/D5*1000 -> 3011.2923
A6: Polygon((132.82602936029435.413735540263,132.8258496522935.4140678071057,132.82677769660935.4144022585309,132.82694131135935.4141071544042,132.82602936029435.413735540263)) | B6: （株）錦織農園 | C6: 島根県出雲市斐川町原鹿2048 | D6: 3463 | E6: 10/29 | F6: 10/29 | I6: 30 | P6: たちすずか | Q6: 直播（乾田） | R6: =SUM(200*$G6+250*$H6+300*$I6) -> 9000 | S6: =R6/D6*1000 -> 2598.9027
A7: Polygon((132.82677233219135.4144197461489,132.82665967941335.4146252253765,132.82572627067635.4142907748767,132.82583892345435.4140852947963,132.82677233219135.4144197461489)) | B7: （株）錦織農園 | C7: 島根県出雲市斐川町原鹿2049 | D7: 2438 | E7: 10/29 | F7: 10/29 | I7: 25 | P7: たちすずか | Q7: 直播（乾田） | R7: =SUM(200*$G7+250*$H7+300*$I7) -> 7500 | S7: =R7/D7*1000 -> 3076.292
A8: Polygon((132.82644242048335.4150055791597,132.8266409039535.4146361551079,132.8257155418435.4143038906087,132.82551705837235.414677688074,132.82644242048335.4150055791597)) | B8: （株）錦織農園 | C8: 島根県出雲市斐川町原鹿2050 | D8: 4177 | E8: 10/29 | F8: 10/29 | I8: 40 | P8: たちすずか | Q8: 直播（乾田） | R8: =SUM(200*$G8+250*$H8+300*$I8) -> 12000 | S8: =R8/D8*1000 -> 2872.8753
A9: Polygon((132.82494306564335.4168854622971,132.82507717609435.416623155655,132.82456755638135.4164439122919,132.82468289136935.4162187645756,132.82444953918535.4161531874525,132.8241893649135.416623155655,132.82494306564335.4168854622971)) | B9: （株）錦織農園 | C9: 島根県出雲市斐川町原鹿2171 | D9: 2888 | E9: 10/28 | F9: 10/28 | G9: 26 | P9: たちすずか | Q9: 直播（乾田） | R9: =SUM(200*$G9+250*$H9+300*$I9) -> 5200 | S9: =R9/D9*1000 -> 1800.554
A10: Polygon((132.82496988773335.4168898340672,132.82543659210235.4170515893953,132.82571017742235.4165575788611,132.82523274421735.4164001943379,132.82496988773335.4168898340672)) | B10: （株）錦織農園 | C10: 島根県出雲市斐川町原鹿2175 | D10: 2980 | E10: 10/21 | F10: 10/21 | G10: 33 | P10: たちすずか | Q10: 直播（乾田） | R10: =SUM(200*$G10+250*$H10+300*$I10) -> 6600 | S10: =R10/D10*1000 -> 2214.7651
A11: Polygon((132.82508254051235.4176986074604,132.82540440559435.4171040505131,132.82502889633235.4169728976546,132.82471239566835.4175587121028,132.82508254051235.4176986074604)) | B11: （株）錦織農園 | C11: 島根県出雲市斐川町原鹿2178 | D11: 3017 | E11: 10/21 | F11: 10/21 | G11: 36 | P11: たちすずか | Q11: 直播（乾田） | R11: =SUM(200*$G11+250*$H11+300*$I11) -> 7200 | S11: =R11/D11*1000 -> 2386.4766
A12: Polygon((132.8420233726535.4140131580481,132.84235328435935.4141749191511,132.8425410389935.4139934843783,132.84260809421535.4139978563053,132.8428146243135.4137246104093,132.8424042463335.4135388026708,132.8420233726535.4140131580481)) | B12: （株）錦織農園 | C12: 島根県出雲市斐川町黒目593-1-1（1) | D12: 2575 | E12: 10/27 | F12: 10/27 | G12: 26 | P12: たちすずか | Q12: 直播（乾田） | R12: =SUM(200*$G12+250*$H12+300*$I12) -> 5200 | S12: =R12/D12*1000 -> 2019.4175
A13: Polygon((132.84366488456735.41394757913,132.84418523311635.4142011506508,132.84423351287835.4141311999661,132.84442931413735.4142011506508,132.84472703933735.4136459154195,132.84397870302235.4133792262711,132.84366488456735.41394757913)) | B13: （株）錦織農園 | C13: 島根県出雲市斐川町黒目650 | D13: 5309 | E13: 10/25 | F13: 10/25 | G13: 68 | P13: たちすずか | Q13: 直播（乾田） | R13: =SUM(200*$G13+250*$H13+300*$I13) -> 13600 | S13: =R13/D13*1000 -> 2561.6877
A14: Polygon((132.84282267093735.4141749191511,132.84327059984235.414386956862,132.84377485513735.413654659311,132.84330010414135.4135322447429,132.84282267093735.4141749191511)) | B14: （株）錦織農園 | C14: 島根県出雲市斐川町黒目1079 | D14: 4128 | E14: 10/27 | F14: 10/27 | G14: 45 | P14: たちすずか | Q14: 直播（乾田） | R14: =SUM(200*$G14+250*$H14+300*$I14) -> 9000 | S14: =R14/D14*1000 -> 2180.2326
A15: Polygon((132.82727122306835.4142230102273,132.82729536294935.4142864029656,132.82715320587235.4146667583482,132.82697886228635.4151323633552,132.82689303159735.4151607804751,132.82663285732335.4151061321587,132.82643437385635.4154952273638,132.8263673186335.4155083428998,132.82624661922535.415471182209,132.82647997140935.4150580416097,132.82674551010135.4145683907489,132.8267481923135.4145683907489,132.82698422670435.4141268280463,132.82727122306835.4142230102273)) | B15: （株）錦織農園 | C15: 島根県出雲市斐川町三分市8 | D15: 4836 | E15: 10/29 | F15: 10/29 | I15: 47 | P15: たちすずか | Q15: 直播（乾田） | R15: =SUM(200*$G15+250*$H15+300*$I15) -> 14100 | S15: =R15/D15*1000 -> 2915.6328
A16: Polygon((132.82719075679835.4147126631867,132.82711029052735.4149574885507,132.82818585634235.415311609636,132.82831460237535.4150755290854,132.82719075679835.4147126631867)) | B16: （株）錦織農園 | C16: 島根県出雲市斐川町三分市29 | D16: 3074 | E16: 10/29 | F16: 10/29 | I16: 26 | P16: たちすずか | Q16: 直播（乾田） | R16: =SUM(200*$G16+250*$H16+300*$I16) -> 7800 | S16: =R16/D16*1000 -> 2537.4105
A17: Polygon((132.82787740235.412915797,132.82772183435.413287415,132.82737851135.414056877,132.82705128135.413960694,132.82735635235.413186697,132.82734900735.413184673,132.82750725735.412808683,132.82787740235.412915797)) | B17: （株）錦織農園 | C17: 島根県出雲市斐川町三分市110 | D17: 4023 | E17: 10/30 | F17: 10/30 | H17: 22 | P17: たちすずか | Q17: 直播（乾田） | R17: =SUM(200*$G17+250*$H17+300*$I17) -> 5500 | S17: =R17/D17*1000 -> 1367.139
A18: Polygon((132.82830655574835.4130229107037,132.82801151275635.413683076952,132.8282743692435.4137639578755,132.82831728458435.4137377262335,132.82859086990435.4131081642651,132.82830655574835.4130229107037)) | B18: （株）錦織農園 | C18: 島根県出雲市斐川町三分市136 | D18: 1997 | E18: 10/29 | F18: 10/29 | I18: 22 | P18: たちすずか | Q18: 直播（乾田） | R18: =SUM(200*$G18+250*$H18+300*$I18) -> 6600 | S18: =R18/D18*1000 -> 3304.9574
A19: Polygon((132.8410175442735.4146274113229,132.84101217985235.4143935147204,132.84046500921235.4139869264872,132.84037381410635.4142317540562,132.84030675888135.4144656511282,132.8410175442735.4146274113229)) | B19: （株）錦織農園 | C19: 島根県出雲市斐川町三分市864 | D19: 2789 | E19: 10/27 | F19: 10/27 | G19: 27 | P19: たちすずか | Q19: 直播（乾田） | R19: =SUM(200*$G19+250*$H19+300*$I19) -> 5400 | S19: =R19/D19*1000 -> 1936.1778
A20: Polygon((132.84029737114935.4144875106329,132.84020215272935.4147913571348,132.84135282039635.4150449260004,132.84137964248735.4149509307381,132.84102693200135.4146438059191,132.84029737114935.4144875106329)) | B20: （株）錦織農園 | C20: 島根県出雲市斐川町三分市865 | D20: 3470 | E20: 10/27 | F20: 10/27 | G20: 36 | P20: たちすずか | Q20: 直播（乾田） | R20: =SUM(200*$G20+250*$H20+300*$I20) -> 7200 | S20: =R20/D20*1000 -> 2074.928
A21: Polygon((132.84106314182335.4162362517994,132.84100681543435.4164329828056,132.84197509288835.4166428286828,132.8421333432235.4165466493903,132.84210115671235.4164548417767,132.84106314182335.4162362517994)) | B21: （株）錦織農園 | C21: 島根県出雲市斐川町三分市883 | D21: 1967 | E21: 10/28 | F21: 10/28 | G21: 20 | P21: たちすずか | Q21: 直播（乾田） | R21: =SUM(200*$G21+250*$H21+300*$I21) -> 4000 | S21: =R21/D21*1000 -> 2033.5536
A22: Polygon((132.84125089645435.4156263826275,132.84107655286835.4161750464995,132.84173101186835.4163149442595,132.84190803766335.415770653171,132.84125089645435.4156263826275)) | B22: （株）錦織農園 | C22: 島根県出雲市斐川町三分市885 | D22: 3956 | E22: 10/28 | F22: 10/28 | G22: 43 | P22: たちすずか | Q22: 直播（乾田） | R22: =SUM(200*$G22+250*$H22+300*$I22) -> 8600 | S22: =R22/D22*1000 -> 2173.913
A23: Polygon((132.84143865108535.4150908306235,132.8412884473835.4155586191013,132.84179538488435.4156744728374,132.84188389778135.4154318355765,132.84170687198635.4152963081398,132.8417229652435.4152613332804,132.84143865108535.4150908306235)) | B23: （株）錦織農園 | C23: 島根県出雲市斐川町三分市889-1 | D23: 2319 | E23: 10/28 | F23: 10/28 | G23: 23 | P23: たちすずか | Q23: 直播（乾田） | R23: =SUM(200*$G23+250*$H23+300*$I23) -> 4600 | S23: =R23/D23*1000 -> 1983.6136
A24: Polygon((132.86336034536435.4181467081427,132.86304652690935.4190166721071,132.86323159933135.419056016989,132.86330133676535.4190079287974,132.86358028650335.4181991685474,132.86336034536435.4181467081427)) | B24: （株）錦織農園 | C24: 島根県出雲市斐川町三分市2549-1 | D24: 2207 | E24: 10/22 | F24: 10/22 | G24: 24 | P24: たちすずか | Q24: 直播（乾田） | R24: =SUM(200*$G24+250*$H24+300*$I24) -> 4800 | S24: =R24/D24*1000 -> 2174.8981
A25: Polygon((132.86206483840935.4197882654511,132.86237329244635.4188898940237,132.86325573921235.4191062909768,132.8631511330635.4193882618921,132.86284267902435.4193226873487,132.86267101764735.4197379918888,132.8629902005235.4198144951232,132.86292850971235.4199937309879,132.86246180534435.4198822550702,132.86245375871735.419884440874,132.86206483840935.4197882654511)) | B25: （株）錦織農園 | C25: 島根県出雲市斐川町三分市2552-1 | D25: 6763 | E25: 10/22 | F25: 10/22 | G25: 74 | P25: たちすずか | Q25: 直播（乾田） | R25: =SUM(200*$G25+250*$H25+300*$I25) -> 14800 | S25: =R25/D25*1000 -> 2188.3779
A26: Polygon((132.8618448972735.4197259699454,132.86196291446735.4197532925415,132.86227941513135.4188702215445,132.8621721267735.4188428986489,132.8618448972735.4197259699454)) | B26: （株）錦織農園 | C26: 島根県出雲市斐川町三分市2556 | D26: 910 | E26: 10/22 | F26: 10/22 | G26: 22 | P26: たちすずか | Q26: 直播（乾田） | R26: =SUM(200*$G26+250*$H26+300*$I26) -> 4400 | S26: =R26/D26*1000 -> 4835.1648
A27: Polygon((132.86153376102435.4186997265244,132.86121726036135.4195827993901,132.86134332418435.4196090291292,132.86165177822135.4187281423862,132.86153376102435.4186997265244)) | B27: （株）錦織農園 | C27: 島根県出雲市斐川町三分市2560 | D27: 1206 | E27: 10/22 | F27: 10/22 | G27: 11 | P27: たちすずか | Q27: 直播（乾田） | R27: =SUM(200*$G27+250*$H27+300*$I27) -> 2200 | S27: =R27/D27*1000 -> 1824.2123
A28: Polygon((132.86086052656235.4185204877809,132.86129504442235.4186275939073,132.8614908456835.4186778681624,132.86115288734435.4195696845174,132.86094903945935.4195194108188,132.86054939031635.4194276065925,132.86030530929635.4193685895347,132.86015242338235.4193292448054,132.86046892404635.4184286824163,132.86063253879535.4184680275854,132.86086052656235.4185204877809)) | B28: （株）錦織農園 | C28: 島根県出雲市斐川町三分市2563 | D28: 7838 | E28: 10/22 | F28: 10/22 | G28: 90 | P28: たちすずか | Q28: 直播（乾田） | R28: =SUM(200*$G28+250*$H28+300*$I28) -> 18000 | S28: =R28/D28*1000 -> 2296.5042
A29: Polygon((132.861437201535.4204134036478,132.86186635494235.4204920920282,132.86208629608235.4205183214712,132.86201655864735.4206669548204,132.86185026168835.4206538401242,132.86182880401635.4209292482972,132.86095440387735.4208549318988,132.86099731922135.4205838950414,132.86101341247635.4203828025903,132.861437201535.4204134036478)) | B29: （株）錦織農園 | C29: 島根県出雲市斐川町三分市2744-2-1 | D29: 4244 | E29: 10/21 | F29: 10/21 | G29: 51 | P29: たちすずか | Q29: 直播（乾田） | R29: =SUM(200*$G29+250*$H29+300*$I29) -> 10200 | S29: =R29/D29*1000 -> 2403.393
A30: Polygon((132.8610295057335.4203696878478,132.86142110824635.4204046604897,132.86150157451635.420142365305,132.86167860031135.4201511084916,132.86180198192635.4198057519001,132.86122262477935.4196614885818,132.86109387874635.4199369001472,132.8610295057335.4203696878478)) | B30: （株）錦織農園 | C30: 島根県出雲市斐川町三分市2747-2-1 | D30: 2890 | E30: 10/21 | F30: 10/21 | G30: 42 | P30: たちすずか | Q30: 直播（乾田） | R30: =SUM(200*$G30+250*$H30+300*$I30) -> 8400 | S30: =R30/D30*1000 -> 2906.5744
A31: Polygon((132.86187708377835.4204789773034,132.86209702491835.4205095783245,132.86237597465535.4199412717517,132.86202192306535.419866954442,132.86193609237735.4202035675912,132.86198437213935.4202472834814,132.86187708377835.4204789773034)) | B31: （株）錦織農園 | C31: 島根県出雲市斐川町三分市2750-2-1（1） | D31: 1800 | E31: 10/22 | F31: 10/22 | G31: 23 | P31: たちすずか | Q31: 直播（乾田） | R31: =SUM(200*$G31+250*$H31+300*$I31) -> 4600 | S31: =R31/D31*1000 -> 2555.5556
A32: Polygon((132.87364125251835.4214778760581,132.87384778261235.4204265183832,132.87369221448935.4204112178584,132.87361979484635.4207762438729,132.87347763776835.4207587576344,132.87334084510835.4214341608356,132.87364125251835.4214778760581)) | B32: （株）錦織農園 | C32: 島根県出雲市斐川町三分市3591 | D32: 2938 | E32: 8/20 | F32: 8/21 | I32: 33 | J32: 板井牧場 | K32: 8/23 | L32: 運搬 | N32: 錦織農園 | P32: つきはやか | Q32: 直播（乾田） | R32: =SUM(200*$G32+250*$H32+300*$I32) -> 9900 | S32: =R32/D32*1000 -> 3369.6392
A33: Polygon((132.87364125251835.4214756902975,132.87381827831335.4214997336604,132.8740167617835.420435261539,132.8738531470335.4204112178584,132.87364125251835.4214756902975)) | B33: （株）錦織農園 | C33: 島根県出雲市斐川町三分市3592 | D33: 1729 | E33: 8/20 | F33: 8/21 | I33: 20 | J33: 板井牧場 | K33: 8/23 | L33: 運搬 | N33: 錦織農園 | P33: つきはやか | Q33: 直播（乾田） | R33: =SUM(200*$G33+250*$H33+300*$I33) -> 6000 | S33: =R33/D33*1000 -> 3470.214
A34: Polygon((132.87437617778835.4215784209797,132.87459075450935.420513949898,132.87402480840735.420435261539,132.87382364273135.4215019194203,132.87437617778835.4215784209797)) | B34: （株）錦織農園 | C34: 島根県出雲市斐川町三分市3593 | D34: 6252 | E34: 8/20 | F34: 8/21 | I34: 69 | J34: 板井牧場 | K34: 8/23 | L34: 運搬 | N34: 錦織農園 | P34: つきはやか | Q34: 直播（乾田） | R34: =SUM(200*$G34+250*$H34+300*$I34) -> 20700 | S34: =R34/D34*1000 -> 3310.9405
A35: Polygon((132.87438422441535.4215740494639,132.87458270788235.421604650069,132.87463098764435.4215653064318,132.8748321533235.4205970097491,132.87481069564835.4205489224773,132.87460416555435.4205183214712,132.87438422441535.4215740494639)) | B35: （株）錦織農園 | C35: 島根県出雲市斐川町三分市3595 | D35: 2653 | E35: 8/20 | F35: 8/21 | I35: 28 | J35: 板井牧場 | K35: 8/23 | L35: 運搬 | N35: 錦織農園 | P35: つきはやか | Q35: 直播（乾田） | R35: =SUM(200*$G35+250*$H35+300*$I35) -> 8400 | S35: =R35/D35*1000 -> 3166.2269
A36: Polygon((132.87485092878335.4226100920556,132.87503331899635.421709566341,132.87467658519735.4216724085103,132.87449687719335.4225576345231,132.87452906370235.4225773061018,132.87485092878335.4226100920556)) | B36: （株）錦織農園 | C36: 島根県出雲市斐川町三分市3631 | D36: 3356 | E36: 8/21 | F36: 8/21 | I36: 28 | J36: 板井牧場 | K36: 8/23（18本） | L36: 運搬 | M36: 8/26原牧場（残り10本） | N36: 錦織農園 | P36: つきはやか | Q36: 直播（乾田） | R36: =SUM(200*$G36+250*$H36+300*$I36) -> 8400 | S36: =R36/D36*1000 -> 2502.9797
A37: Polygon((132.87525057792735.4226559923685,132.87543028593135.4217707674365,132.87504673004235.4217161236034,132.87486970424735.4226122777854,132.87525057792735.4226559923685)) | B37: （株）錦織農園 | C37: 島根県出雲市斐川町三分市3632 | D37: 2181 | E37: 8/21 | F37: 8/21 | I37: 19 | J37: 原牧場 | K37: 8/26 | L37: 運搬 | N37: 錦織農園 | P37: つきはやか | Q37: 直播（乾田） | R37: =SUM(200*$G37+250*$H37+300*$I37) -> 5700 | S37: =R37/D37*1000 -> 2613.4801
A38: Polygon((132.87525862455435.4226538066399,132.87558853626335.4226865925626,132.87576287984835.4218122967249,132.87542760372235.4217751389416,132.87525862455435.4226538066399)) | B38: （株）錦織農園 | C38: 島根県出雲市斐川町三分市3635 | D38: 4025 | E38: 8/21 | F38: 8/21 | I38: 35 | J38: 原牧場 | K38: 8/26 | L38: 運搬 | N38: 錦織農園 | P38: つきはやか | Q38: 直播（乾田） | R38: =SUM(200*$G38+250*$H38+300*$I38) -> 10500 | S38: =R38/D38*1000 -> 2608.6957
A39: Polygon((132.8765487670935.4227783930751,132.87672311067635.4219325129652,132.87577092647635.4218122967249,132.87560194730835.4226844068348,132.8765487670935.4227783930751)) | B39: （株）錦織農園 | C39: 島根県出雲市斐川町三分市3638-1 | D39: 8045 | E39: 8/20 | F39: 8/21 | I39: 78 | J39: 原牧場 | K39: 8/26 | L39: 運搬 | N39: 錦織農園 | P39: つきはやか | Q39: 直播（乾田） | R39: =SUM(200*$G39+250*$H39+300*$I39) -> 23400 | S39: =R39/D39*1000 -> 2908.6389
A40: Polygon((132.88115143775935.421641807931,132.88119435310435.4214538326887,132.881639599835.4215106624593,132.88143575191535.4225029912238,132.88077592849735.4224243048076,132.88094758987435.4216199503672,132.88115143775935.421641807931)) | B40: （株）錦織農園 | C40: 島根県出雲市斐川町三分市3718 | D40: 6003 | E40: 7/31 | F40: 7/31 | G40: 82 | J40: 日登牧場 | K40: 8/6 | L40: 運搬 | N40: 錦織農園 | P40: ヒメノモチ | Q40: 直播（乾田） | R40: =SUM(200*$G40+250*$H40+300*$I40) -> 16400 | S40: =R40/D40*1000 -> 2731.9673
A41: Polygon((132.87914112210335.4230155439148,132.87928998470335.4222887891329,132.88036420941435.4224406978173,132.88021668791835.4231434083635,132.87914112210335.4230155439148)) | B41: （株）錦織農園 | C41: 島根県出雲市斐川町三分市3724 | D41: 7762 | E41: 8/2 | F41: 8/4 | G41: 90 | J41: 原牧場 | K41: 8/7 | L41: 運搬 | N41: 錦織農園 | P41: ヒメノモチ | Q41: 直播（乾田） | R41: =SUM(200*$G41+250*$H41+300*$I41) -> 18000 | S41: =R41/D41*1000 -> 2318.99
A42: Polygon((132.88023948669435.4231335726439,132.88036286830935.4224417906845,132.88142502307935.4225893276197,132.88130700588235.4232373940682,132.88023948669435.4231335726439)) | B42: （株）錦織農園 | C42: 島根県出雲市斐川町三分市3727 | D42: 7155 | E42: 8/2 | F42: 8/2 | G42: 78 | J42: 日登牧場 | K42: 8/6 | L42: 運搬 | N42: 錦織農園 | P42: ヒメノモチ | Q42: 直播（乾田） | R42: =SUM(200*$G42+250*$H42+300*$I42) -> 15600 | S42: =R42/D42*1000 -> 2180.2935
A43: Polygon((132.88026630878435.4232461369189,132.88009464740835.4240592178843,132.87934362888335.4239564903658,132.87942945957235.4235193505244,132.87904322147435.4234800078224,132.87911832332635.4231302940704,132.88026630878435.4232461369189)) | B43: （株）錦織農園 | C43: 島根県出雲市斐川町三分市3734-1-1（2） | D43: 7017 | E43: 8/1 | F43: 8/2 | G43: 86 | J43: 原牧場 | K43: 8/7 | L43: 運搬 | N43: 錦織農園 | P43: ヒメノモチ | Q43: 直播（乾田） | R43: =SUM(200*$G43+250*$H43+300*$I43) -> 17200 | S43: =R43/D43*1000 -> 2451.19
A44: Polygon((132.88129359483735.4233554224723,132.88112461566935.4242034733274,132.8800892829935.4240592178843,132.88027167320335.4232461369189,132.88129359483735.4233554224723)) | B44: （株）錦織農園 | C44: 島根県出雲市斐川町三分市3738 | D44: 8091 | E44: 7/31 | F44: 8/1 | G44: 98 | J44: 原牧場 | K44: 8/6（52本） | L44: 運搬 | M44: 8/7（残り46本） | N44: 錦織農園 | P44: ヒメノモチ | Q44: 直播（乾田） | R44: =SUM(200*$G44+250*$H44+300*$I44) -> 19600 | S44: =R44/D44*1000 -> 2422.4447
B45: （株）錦織農園 | C45: 島根県出雲市斐川町三分市3105 | D45: 4522 | E45: 10/21 | F45: 10/21 | G45: 53 | P45: たちすずか | Q45: 直播（乾田） | R45: =SUM(200*$G45+250*$H45+300*$I45) -> 10600 | S45: =R45/D45*1000 -> 2344.0955
A46: Polygon((132.88115680235.424282158,132.88099050535.425230739,132.88077592835.425208882,132.88076519935.425208882,132.88052916535.425187026,132.88073301335.424216587,132.88095295435.424242815,132.88095831835.424251558,132.88115680235.424282158)) | B46: （株）錦織農園 | C46: 島根県出雲市斐川町坂田2686 | D46: 4205 | E46: 8/25 | F46: 8/25 | G46: 47 | J46: 原牧場 | K46: 8/26（2本） | L46: 運搬 | M46: 8/27（残り45本） | N46: 錦織農園 | P46: つきはやか | Q46: 直播（乾田） | R46: =SUM(200*$G46+250*$H46+300*$I46) -> 9400 | S46: =R46/D46*1000 -> 2235.434
A47: Polygon((132.86921024322535.4016134218168,132.869440913235.4012286322097,132.86929607391435.4011630428889,132.86931216716835.4011368071457,132.86887228488935.4009750198736,132.86862015724235.4014035368042,132.86921024322535.4016134218168)) | B47: 原進 | C47: 島根県出雲市斐川町荘原1386-1 | D47: 3094 | E47: 7/24 | F47: 7/24 | G47: 20 | J47: 原牧場 | K47: 7/28 | L47: 運搬 | N47: 錦織農園 | P47: ヒメノモチ | Q47: 移植 | R47: =SUM(200*$G47+250*$H47+300*$I47) -> 4000 | S47: =R47/D47*1000 -> 1292.8248
A48: Polygon((132.8698244690935.4018386103372,132.86925315856935.4016265396119,132.86949992179935.4012264458999,132.87007391452835.4014713122326,132.86991164088235.4017128983767,132.8698244690935.4018386103372)) | B48: 原進 | C48: 島根県出雲市斐川町荘原1447 | D48: 2854 | E48: 7/24 | F48: 7/24 | G48: 17 | J48: 原牧場 | K48: 7/28 | L48: 運搬 | N48: 錦織農園 | P48: ヒメノモチ | Q48: 移植 | R48: =SUM(200*$G48+250*$H48+300*$I48) -> 3400 | S48: =R48/D48*1000 -> 1191.3104
A49: Polygon((132.87044137716335.4020725433767,132.87052184343335.4020288176265,132.87057548761435.401941366055,132.87000954151235.401705246338,132.86989688873335.4018714047294,132.87044137716335.4020725433767)) | B49: 原進 | C49: 島根県出雲市斐川町荘原1451-1 | D49: 1205 | E49: 7/24 | F49: 7/24 | G49: 8 | J49: 原牧場 | K49: 7/28 | L49: 運搬 | N49: 錦織農園 | P49: ヒメノモチ | Q49: 移植 | R49: =SUM(200*$G49+250*$H49+300*$I49) -> 1600 | S49: =R49/D49*1000 -> 1327.8008
A50: Polygon((132.8705862164535.4019238757293,132.87066400051135.4018058159316,132.87011682987235.4015784410193,132.87007927894635.4015828136198,132.87002027034835.4016833833662,132.8705862164535.4019238757293)) | B50: 原進 | C50: 島根県出雲市斐川町荘原1452 | D50: 965 | E50: 7/24 | F50: 7/24 | G50: 7 | J50: 原牧場 | K50: 7/28 | L50: 運搬 | N50: 錦織農園 | P50: ヒメノモチ | Q50: 移植 | R50: =SUM(200*$G50+250*$H50+300*$I50) -> 1400 | S50: =R50/D50*1000 -> 1450.7772
A51: Polygon((132.87066936492935.4017926981656,132.87074446678235.4016899422584,132.87016108632135.4014494491974,132.870095372235.4015565780132,132.87066936492935.4017926981656)) | B51: 原進 | C51: 島根県出雲市斐川町荘原1453 | D51: 889 | E51: 7/24 | F51: 7/24 | G51: 6 | J51: 原牧場 | K51: 7/28 | L51: 運搬 | N51: 錦織農園 | P51: ヒメノモチ | Q51: 移植 | R51: =SUM(200*$G51+250*$H51+300*$I51) -> 1200 | S51: =R51/D51*1000 -> 1349.8313
A52: Polygon((132.86963403224935.4073282057941,132.86975741386435.40713145256,132.86974668502835.4070789849498,132.86908149719235.406829763335,132.86894738674235.4070396342198,132.86963403224935.4073282057941)) | B52: （農）おきす | C52: 島根県出雲市斐川町沖洲1690 | D52: 2080 | E52: 10/10 | F52: 10/10 | H52: 8 | J52: 勝部牧場 | K52: 11/30 | L52: 引取 | N52: おきす | P52: たちすずか | Q52: 直播（湛水） | R52: =SUM(200*$G52+250*$H52+300*$I52) -> 2000 | S52: =R52/D52*1000 -> 961.53846
A53: Polygon((132.86899030208635.4063160145921,132.86971986293835.4066198919037,132.87007659673735.4060274393939,132.86935240030335.4057213736608,132.86899030208635.4063160145921)) | B53: （農）おきす | C53: 島根県出雲市斐川町沖洲1693 | D53: 5508 | E53: 10/10 | F53: 10/10 | H53: 13 | J53: 勝部・板井牧場 | K53: 11/29（10本） | L53: 引取・運搬 | M53: /（残り3本→板井牧場） | N53: おきす | P53: たちすずか | Q53: 直播（湛水） | R53: =SUM(200*$G53+250*$H53+300*$I53) -> 3250 | S53: =R53/D53*1000 -> 590.05084
A54: Polygon((132.87008464336435.4060208808547,132.87019461393435.4058525448316,132.86947309970935.4055268026977,132.8693604469335.4057060703437,132.87008464336435.4060208808547)) | B54: （農）おきす | C54: 島根県出雲市斐川町沖洲1695-1 | D54: 1575 | E54: 10/10 | F54: 10/10 | H54: 4 | J54: 板井牧場 | K54: / | L54: 運搬 | N54: おきす | P54: たちすずか | Q54: 直播（湛水） | R54: =SUM(200*$G54+250*$H54+300*$I54) -> 1000 | S54: =R54/D54*1000 -> 634.92063
A55: Polygon((132.87152767281435.406960932702,132.8711575269735.4075774258678,132.87109851837235.4076080317886,132.87036359310235.4073063443474,132.87078201770835.4066373812105,132.87152767281435.406960932702)) | B55: （農）おきす | C55: 島根県出雲市斐川町沖洲1736 | D55: 5888 | E55: 11/4 | F55: 11/4 | H55: 14 | J55: 勝部牧場 | K55: 12/1 | L55: 引取 | N55: おきす | P55: たちすずか | Q55: 直播（湛水） | R55: =SUM(200*$G55+250*$H55+300*$I55) -> 3500 | S55: =R55/D55*1000 -> 594.42935
A56: Polygon((132.87079274654435.4066286365576,132.87153035402335.4069500019296,132.87175029516235.4065805409495,132.87102878093735.4062482432369,132.87079274654435.4066286365576)) | B56: （農）おきす | C56: 島根県出雲市斐川町沖洲1739-1 | D56: 3383 | E56: 11/4 | F56: 11/4 | H56: 14 | J56: 勝部牧場 | K56: 11/30（12本） | L56: 引取 | M56: 12/1（残り2本） | N56: おきす | P56: たちすずか | Q56: 直播（湛水） | R56: =SUM(200*$G56+250*$H56+300*$I56) -> 3500 | S56: =R56/D56*1000 -> 1034.5847
A57: Polygon((132.87602841854135.4097635338375,132.87636637687735.4093132004451,132.87542760372235.4088716089469,132.87511110305835.4092913395367,132.87602841854135.4097635338375)) | B57: （農）おきす | C57: 島根県出雲市斐川町沖洲1833 | D57: 5856 | E57: 10/9 | F57: 10/9 | H57: 13 | J57: 勝部牧場 | K57: 12/14 | L57: 引取 | N57: おきす | P57: たちすずか | Q57: 直播（湛水） | R57: =SUM(200*$G57+250*$H57+300*$I57) -> 3250 | S57: =R57/D57*1000 -> 554.98634
A58: Polygon((132.87636101245935.4093044560824,132.87672042846735.4088584923307,132.87575483322135.4084387594867,132.8754329681435.4088672367417,132.87636101245935.4093044560824)) | B58: （農）おきす | C58: 島根県出雲市斐川町沖洲1839 | D58: 5586 | E58: 10/11 | F58: 10/11 | H58: 24 | J58: 勝部牧場 | K58: 12/15（12本） | L58: 引取 | M58: 12/16（残り12本） | N58: おきす | P58: たちすずか | Q58: 直播（湛水） | R58: =SUM(200*$G58+250*$H58+300*$I58) -> 6000 | S58: =R58/D58*1000 -> 1074.1139
A59: Polygon((132.8774473071135.4096695324148,132.87761360406935.4094487379444,132.87732124328635.4092957117189,132.87715494632735.4095186926935,132.8774473071135.4096695324148)) | B59: （農）おきす | C59: 島根県出雲市斐川町沖洲1845-3-1-1 | D59: 2004 | E59: 10/10 | F59: 10/10 | H59: 5 | J59: 勝部牧場 | L59: 引取 | N59: おきす | P59: たちすずか | Q59: 直播（湛水） | R59: =SUM(200*$G59+250*$H59+300*$I59) -> 1250 | S59: =R59/D59*1000 -> 623.7525
A60: Polygon((132.87700474262235.4102553999589,132.87743657827435.4096848349795,132.87654340267235.4092366872399,132.8761410713235.4097722781503,132.87617057561935.4098444186948,132.87700474262235.4102553999589)) | B60: （農）おきす | C60: 島根県出雲市斐川町沖洲1851 | D60: 6079 | E60: 10/10 | F60: 10/10 | H60: 19 | J60: 勝部牧場 | L60: 引取 | N60: おきす | P60: たちすずか | Q60: 直播（湛水） | R60: =SUM(200*$G60+250*$H60+300*$I60) -> 4750 | S60: =R60/D60*1000 -> 781.37852
A61: Polygon((132.87767529487635.4108456353421,132.87806421518335.4103187958184,132.87777721881935.4101701433796,132.8778818249735.4100477235182,132.877801358735.4100040020941,132.87785768508935.4099318616924,132.87751972675335.4097657199158,132.87697255611435.4104914946309,132.87767529487635.4108456353421)) | B61: （農）おきす | C61: 島根県出雲市斐川町沖洲1882 | D61: 6062 | E61: 10/9 | F61: 10/9 | H61: 14 | J61: 勝部牧場 | K61: 12/14 | L61: 引取 | N61: おきす | P61: たちすずか | Q61: 直播（湛水） | R61: =SUM(200*$G61+250*$H61+300*$I61) -> 3500 | S61: =R61/D61*1000 -> 577.36721
A62: Polygon((132.87722736597135.4114358664025,132.8776645660435.4108500074399,132.87696450948735.410502424923,132.87655144929935.4110380074218,132.87658631801635.4111123328751,132.87722736597135.4114358664025)) | B62: （農）おきす | C62: 島根県出雲市斐川町沖洲1891 | D62: 5596 | E62: 11/4 | F62: 11/4 | H62: 10 | J62: 勝部牧場 | K62: 12/14（10本） | L62: 引取 | N62: おきす | P62: たちすずか | Q62: 直播（湛水） | R62: =SUM(200*$G62+250*$H62+300*$I62) -> 2500 | S62: =R62/D62*1000 -> 446.74768
A63: Polygon((132.87686794996335.4117681427273,132.87728637456935.4119692566794,132.87750899791735.4116828877484,132.8771737217935.4115080054579,132.87718713283535.4114752149862,132.87653803825435.411156053698,132.87645757198335.4111713559804,132.87610620260235.4116610274828,132.87620007991835.4117287942867,132.87630736827935.4118031191029,132.87643343210235.4118774438505,132.87666678428635.4119933028792,132.87686794996335.4117681427273)) | B63: （農）おきす | C63: 島根県出雲市斐川町沖洲1905 | D63: 6348 | E63: 11/4 | F63: 11/4 | H63: 11 | J63: 勝部牧場 | K63: 12/14(11本） | L63: 引取 | N63: おきす | P63: たちすずか | Q63: 直播（湛水） | R63: =SUM(200*$G63+250*$H63+300*$I63) -> 2750 | S63: =R63/D63*1000 -> 433.20731
A64: Polygon((132.86960989236835.4110642399426,132.86983788013535.4111473095353,132.86996930837635.4111866582599,132.87018120288835.4112544254627,132.87048697471635.4113353088237,132.87054061889635.4112981462084,132.87062644958535.4111669839,132.86965548992235.4107472630784,132.86948919296335.411013960937,132.86960989236835.4110642399426)) | B64: （農）おきす | C64: 島根県出雲市斐川町沖洲1948 | D64: 2887 | E64: 10/29 | F64: 10/29 | H64: 13 | J64: 勝部牧場 | K64: 12/6 | L64: 引取 | N64: おきす | P64: たちすずか | Q64: 直播（湛水） | R64: =SUM(200*$G64+250*$H64+300*$I64) -> 3250 | S64: =R64/D64*1000 -> 1125.7361
A65: Polygon((132.87062913179435.4111626118193,132.87073642015535.4109964725798,132.86977887153635.4105723787576,132.86966621875835.410742890975,132.87062913179435.4111626118193)) | B65: （農）おきす | C65: 島根県出雲市斐川町沖洲1949 | D65: 2136 | E65: 10/29 | F65: 10/29 | H65: 10 | J65: 勝部牧場 | K65: 12/6 | L65: 引取 | N65: おきす | P65: たちすずか | Q65: 直播（湛水） | R65: =SUM(200*$G65+250*$H65+300*$I65) -> 2500 | S65: =R65/D65*1000 -> 1170.412
A66: Polygon((132.87073910336435.4109877283999,132.87085980176935.4108019143508,132.86990761756935.4103756334431,132.86978155374535.410561448475,132.87073910336435.4109877283999)) | B66: （農）おきす | C66: 島根県出雲市斐川町沖洲1950 | D66: 2386 | E66: 10/29 | F66: 10/29 | H66: 10 | J66: 勝部牧場 | K66: 12/6 | L66: 引取 | N66: おきす | P66: たちすずか | Q66: 直播（湛水） | R66: =SUM(200*$G66+250*$H66+300*$I66) -> 2500 | S66: =R66/D66*1000 -> 1047.7787
A67: Polygon((132.87087053060535.4107887980488,132.87103682756435.4105352157906,132.87007927894635.4101133056099,132.86991834640535.4103647031338,132.87087053060535.4107887980488)) | B67: （農）おきす | C67: 島根県出雲市斐川町沖洲1952 | D67: 3157 | E67: 10/29 | F67: 10/29 | H67: 13 | J67: 勝部牧場 | K67: 12/6（7本） | L67: 引取 | M67: 12/8（残り6本） | N67: おきす | P67: たちすずか | Q67: 直播（湛水） | R67: =SUM(200*$G67+250*$H67+300*$I67) -> 3250 | S67: =R67/D67*1000 -> 1029.4583
A68: Polygon((132.87009000778235.4101001891959,132.87104219198235.4105220994452,132.87121653556835.4102881909269,132.87120580673235.4102575860239,132.87026971578635.4098444186948,132.87009000778235.4101001891959)) | B68: （農）おきす | C68: 島根県出雲市斐川町沖洲1953 | D68: 3397 | E68: 10/29 | F68: 10/29 | H68: 13 | J68: 勝部牧場 | K68: 12/8 | L68: 引取 | N68: おきす | P68: たちすずか | Q68: 直播（湛水） | R68: =SUM(200*$G68+250*$H68+300*$I68) -> 3250 | S68: =R68/D68*1000 -> 956.72652
A69: Polygon((132.8702589869535.4097766503063,132.87071764469135.4090727301273,132.8700685501135.408779792589,132.86980837583535.4090836606118,132.86954820156135.4089765417993,132.86931753158635.409324130897,132.86933898925835.409370038779,132.8702589869535.4097766503063)) | B69: （農）おきす | C69: 島根県出雲市斐川町沖洲1962 | D69: 7603 | E69: 10/30 | F69: 10/30 | H69: 36 | J69: 勝部牧場 | K69: 12/1(24本） | L69: 引取 | M69: 12/4（残り12本） | N69: おきす | P69: たちすずか | Q69: 直播（湛水） | R69: =SUM(200*$G69+250*$H69+300*$I69) -> 9000 | S69: =R69/D69*1000 -> 1183.7433
A70: Polygon((132.87121921777735.4102138647136,132.87128090858535.4101941901162,132.87146329879835.4099100009519,132.87050038576135.4094859014124,132.87029117345835.4097919528506,132.87121921777735.4102138647136)) | B70: （農）おきす | C70: 島根県出雲市斐川町沖洲1989 | D70: 4046 | E70: 10/29 | F70: 10/29 | H70: 25 | J70: 勝部牧場 | K70: 12/4（12本） | L70: 引取 | M70: 12/5（残り13本） | N70: おきす | P70: たちすずか | Q70: 直播（湛水） | R70: =SUM(200*$G70+250*$H70+300*$I70) -> 6250 | S70: =R70/D70*1000 -> 1544.7355
A71: Polygon((132.87307798862535.4121091617414,132.87345886230535.4115407959163,132.87275344133435.4112325650809,132.872326970135.4118774438505,132.87234574556435.4119058621183,132.87307798862535.4121091617414)) | B71: （農）おきす | C71: 島根県出雲市斐川町沖洲2363 | D71: 5715 | E71: 10/28 | F71: 10/28 | H71: 18 | J71: 勝部牧場 | K71: 12/9（12本） | L71: 引取 | M71: 12/14（残り6本） | N71: おきす | P71: たちすずか | Q71: 直播（湛水） | R71: =SUM(200*$G71+250*$H71+300*$I71) -> 4500 | S71: =R71/D71*1000 -> 787.40157
A72: Polygon((132.8734722733535.4115276797345,132.87387728691135.4109177749258,132.87317454814935.4105986114299,132.87277221679735.4112150767712,132.8734722733535.4115276797345)) | B72: （農）おきす | C72: 島根県出雲市斐川町沖洲2365 | D72: 5766 | E72: 10/28 | F72: 10/28 | H72: 24 | J72: 勝部牧場 | K72: 12/10（18本） | L72: 引取 | M72: 12/11（残り6本） | N72: おきす | P72: たちすずか | Q72: 直播（湛水） | R72: =SUM(200*$G72+250*$H72+300*$I72) -> 6000 | S72: =R72/D72*1000 -> 1040.5827
A73: Polygon((132.87409991025935.412430505261,132.87418842315735.4123999011715,132.87429302930835.4122468805495,132.87333816289935.4118271653523,132.87313163280535.4121310218854,132.87409991025935.412430505261)) | B73: （農）おきす | C73: 島根県出雲市斐川町沖洲2378 | D73: 3157 | E73: 10/27 | F73: 10/27 | H73: 9 | J73: 勝部牧場 | K73: 12/12 | L73: 引取 | N73: おきす | P73: たちすずか | Q73: 直播（湛水） | R73: =SUM(200*$G73+250*$H73+300*$I73) -> 2250 | S73: =R73/D73*1000 -> 712.70193
A74: Polygon((132.87430107593535.4122315784714,132.87447273731235.4119736287163,132.87350982427635.4115473540063,132.87334084510835.4118118631944,132.87430107593535.4122315784714)) | B74: （農）おきす | C74: 島根県出雲市斐川町沖洲2389 | D74: 3318 | E74: 10/27 | F74: 10/27 | H74: 10 | J74: 勝部牧場 | K74: 12/12（6本） | L74: 引取 | M74: 12/13（残り4本） | N74: おきす | P74: たちすずか | Q74: 直播（湛水） | R74: =SUM(200*$G74+250*$H74+300*$I74) -> 2500 | S74: =R74/D74*1000 -> 753.46594
A75: Polygon((132.87466049194335.4116850737746,132.87370562553435.4112587975383,132.87353396415735.4115320517953,132.87448346614835.411960512605,132.87466049194335.4116850737746)) | B75: （農）おきす | C75: 島根県出雲市斐川町沖洲2391 | D75: 3481 | E75: 10/27 | F75: 10/27 | H75: 12 | J75: 勝部牧場 | K75: 12/13 | L75: 引取 | N75: おきす | P75: たちすずか | Q75: 直播（湛水） | R75: =SUM(200*$G75+250*$H75+300*$I75) -> 3000 | S75: =R75/D75*1000 -> 861.82132
A76: Polygon((132.87545174360335.4123999011715,132.87522912025535.4127321735214,132.87489652633735.4126600355619,132.87437885999735.4125004574219,132.87422865629235.4124392492844,132.87452638149335.4119954888971,132.87545174360335.4123999011715)) | B76: （農）おきす | C76: 島根県出雲市斐川町沖洲2395 | D76: 4384 | E76: 10/27 | F76: 10/27 | H76: 12 | J76: 勝部牧場 | L76: 引取 | N76: おきす | P76: たちすずか | Q76: 直播（湛水） | R76: =SUM(200*$G76+250*$H76+300*$I76) -> 3000 | S76: =R76/D76*1000 -> 684.30657
A77: Polygon((132.87544906139435.4123889711367,132.87575215101235.4119495825106,132.87482947111135.4115451679764,132.8745344281235.4119823727893,132.87544906139435.4123889711367)) | B77: （農）おきす | C77: 島根県出雲市斐川町沖洲2397 | D77: 5846 | E77: 10/27 | F77: 10/27 | H77: 16 | J77: 勝部牧場 | K77: 12/13 | L77: 引取 | N77: おきす | P77: たちすずか | Q77: 直播（湛水） | R77: =SUM(200*$G77+250*$H77+300*$I77) -> 4000 | S77: =R77/D77*1000 -> 684.22853
A78: Polygon((132.8749957680735.4112915880981,132.87483751773835.4115233076735,132.87576824426735.411929908337,132.87585675716435.4117768868227,132.87566095590635.4116391672113,132.87512451410335.4113265646804,132.8749957680735.4112915880981)) | B78: （農）おきす | C78: 島根県出雲市斐川町沖洲2399 | D78: 2706 | E78: 10/27 | F78: 10/27 | H78: 4 | J78: 勝部牧場 | K78: 12/13 | L78: 引取 | N78: おきす | P78: たちすずか | Q78: 直播（湛水） | R78: =SUM(200*$G78+250*$H78+300*$I78) -> 1000 | S78: =R78/D78*1000 -> 369.54915
A79: Polygon((132.87144452333535.4116173069339,132.8715920448335.4114008898676,132.87080079317135.4110598678564,132.87062376737635.4113265646804,132.87063449621235.4113790295255,132.87144452333535.4116173069339)) | B79: （農）おきす | C79: 島根県出雲市斐川町沖洲2900 | D79: 2791 | E79: 10/29 | F79: 10/29 | H79: 21 | J79: 勝部牧場 | K79: 12/5（1本） | L79: 引取 | M79: 12/6（残り20本） | N79: おきす | P79: たちすずか | Q79: 直播（湛水） | R79: =SUM(200*$G79+250*$H79+300*$I79) -> 5250 | S79: =R79/D79*1000 -> 1881.0462
A80: Polygon((132.87160545587535.4113834015944,132.87213385105135.4105701927012,132.87136942148235.4102160507797,132.87082761526135.4110117748926,132.87082493305235.4110445655528,132.87160545587535.4113834015944)) | B80: （農）おきす | C80: 島根県出雲市斐川町沖洲2902 | D80: 9747 | E80: 10/29 | F80: 10/29 | H80: 26 | J80: 勝部牧場 | K80: 12/5 | L80: 引取 | N80: おきす | P80: たちすずか | Q80: 直播（湛水） | R80: =SUM(200*$G80+250*$H80+300*$I80) -> 6500 | S80: =R80/D80*1000 -> 666.87186
A81: Polygon((132.87259787321135.4098750237548,132.87187904119535.4094640405509,132.87138015031835.4101985622494,132.87215262651435.4105548903047,132.87259787321135.4098750237548)) | B81: （農）おきす | C81: 島根県出雲市斐川町沖洲2911 | D81: 5842 | E81: 10/30 | F81: 10/30 | H81: 16 | J81: 勝部牧場 | K81: 12/4 | L81: 引取 | N81: おきす | P81: たちすずか | Q81: 直播（湛水） | R81: =SUM(200*$G81+250*$H81+300*$I81) -> 4000 | S81: =R81/D81*1000 -> 684.69702
A82: Polygon((132.87268638610835.4104718201013,132.87257641553935.4103166097551,132.87241548299835.4102488417637,132.87216067314135.4106139138182,132.87287682294835.4109440074857,132.87307262420735.4106532628032,132.87268638610835.4104718201013)) | B82: （農）おきす | C82: 島根県出雲市斐川町沖洲2922（1） | D82: 2793 | E82: 10/28 | F82: 10/28 | H82: 11 | J82: 勝部牧場 | K82: 12/8（1本） | L82: 引取 | M82: 12/9（残り10本） | N82: おきす | P82: たちすずか | Q82: 直播（湛水） | R82: =SUM(200*$G82+250*$H82+300*$I82) -> 2750 | S82: =R82/D82*1000 -> 984.60437
A83: Polygon((132.87260323762935.4113440529659,132.87286609411235.4109571237624,132.87215530872335.4106314022583,132.87190854549435.411013960937,132.87260323762935.4113440529659)) | B83: （農）おきす | C83: 島根県出雲市斐川町沖洲2923 | D83: 3690 | E83: 10/28 | F83: 10/28 | H83: 16 | J83: 勝部牧場 | K83: 12/9 | L83: 引取 | N83: おきす | P83: たちすずか | Q83: 直播（湛水） | R83: =SUM(200*$G83+250*$H83+300*$I83) -> 4000 | S83: =R83/D83*1000 -> 1084.0108
A84: Polygon((132.87220895290435.4118512115945,132.87228137254735.4118184212624,132.87259250879335.4113571691776,132.87188977003135.4110292632464,132.87148743867935.4116326091287,132.87220895290435.4118512115945)) | B84: （農）おきす | C84: 島根県出雲市斐川町沖洲2924 | D84: 5227 | E84: 10/28 | F84: 10/28 | H84: 16 | J84: 勝部牧場 | K84: 12/10 | L84: 引取 | N84: おきす | P84: たちすずか | Q84: 直播（湛水） | R84: =SUM(200*$G84+250*$H84+300*$I84) -> 4000 | S84: =R84/D84*1000 -> 765.25732
A85: Polygon((132.87244230508835.4137595859357,132.87268370389935.4131956037215,132.87181735038835.4129376570522,132.87165910005635.4132677412016,132.87160009145735.4134972691178,132.87183344364235.4135628484023,132.87177711725235.4137311683217,132.87244230508835.4137595859357)) | B85: （農）おきす | C85: 島根県出雲市斐川町中洲1674 | D85: 6026 | E85: 10/23 | F85: 10/23 | H85: 14 | J85: 勝部牧場 | L85: 引取 | N85: おきす | P85: たちすずか | Q85: 直播（湛水） | R85: =SUM(200*$G85+250*$H85+300*$I85) -> 3500 | S85: =R85/D85*1000 -> 580.81646
A86: Polygon((132.87446737289435.4138973019233,132.87456661462835.4138754422585,132.87459611892735.4137880035398,132.87271589040835.4132109056166,132.87247180938735.413768329815,132.87446737289435.4138973019233)) | B86: （農）おきす | C86: 島根県出雲市斐川町中洲1678 | D86: 7401 | E86: 10/23 | F86: 10/23 | H86: 20 | J86: 勝部牧場 | L86: 引取 | N86: おきす | P86: たちすずか | Q86: 直播（湛水） | R86: =SUM(200*$G86+250*$H86+300*$I86) -> 5000 | S86: =R86/D86*1000 -> 675.58438
A87: Polygon((132.87480801343935.4139191615823,132.8750520944635.41393446334,132.87530422210735.4139366493051,132.87571996450435.413073188456,132.87542223930435.4129791908937,132.875242531335.4129332850676,132.87467658519735.4137792596627,132.87463635206235.4138754422585,132.87466585636135.4139060457876,132.87480801343935.4139191615823)) | B87: （農）おきす | C87: 島根県出雲市斐川町中洲1702-1 | D87: 5794 | E87: 10/23 | F87: 10/23 | H87: 21 | J87: 勝部牧場 | L87: 引取 | N87: おきす | P87: たちすずか | Q87: 直播（湛水） | R87: =SUM(200*$G87+250*$H87+300*$I87) -> 5250 | S87: =R87/D87*1000 -> 906.10977
A88: Polygon((132.87552684545535.4139432072002,132.8758138418235.4139191615823,132.87610620260235.4132087196318,132.87606865167635.4131781158378,132.87571996450435.4130710024674,132.87530958652535.4139388352702,132.87552684545535.4139432072002)) | B88: （農）おきす | C88: 島根県出雲市斐川町中洲1704-1 | D88: 3668 | E88: 10/23 | F88: 10/23 | H88: 12 | J88: 勝部牧場 | L88: 引取 | N88: おきす | P88: たちすずか | Q88: 直播（湛水） | R88: =SUM(200*$G88+250*$H88+300*$I88) -> 3000 | S88: =R88/D88*1000 -> 817.88441
A89: Polygon((132.83242642835.412686267,132.83228841135.412999922,132.83229231835.41300105,132.83218771235.413250253,132.83115506135.41295733,132.83126184335.412704953,132.83138036735.412413017,132.83142596435.412395529,132.83242642835.412686267)) | B89: （農）じきょう | C89: 島根県出雲市斐川町三分市279 | D89: 6698 | E89: 10/17 | F89: 10/17 | G89: 39 | P89: たちすずか | Q89: 直播（乾田） | R89: =SUM(200*$G89+250*$H89+300*$I89) -> 7800 | S89: =R89/D89*1000 -> 1164.5267
A90: Polygon((132.83202409744335.4136109398437,132.83099412918135.4133223907648,132.83114433288635.4129770049026,132.83217966556535.4132699271848,132.83202409744335.4136109398437)) | B90: （農）じきょう | C90: 島根県出雲市斐川町三分市281 | D90: 4014 | E90: 10/17 | F90: 10/17 | G90: 22 | P90: たちすずか | Q90: 直播（乾田） | R90: =SUM(200*$G90+250*$H90+300*$I90) -> 4400 | S90: =R90/D90*1000 -> 1096.1634
A91: Polygon((132.83349126577435.4129835628758,132.83350467681935.4130185387238,132.83316403627435.4138186071021,132.83212333917635.4135256868143,132.83247739076635.4126906395526,132.83349126577435.4129835628758)) | B91: （農）じきょう | C91: 島根県出雲市斐川町三分市351-1 | D91: 9495 | E91: 10/17 | F91: 10/17 | G91: 50 | P91: たちすずか | Q91: 直播（乾田） | R91: =SUM(200*$G91+250*$H91+300*$I91) -> 10000 | S91: =R91/D91*1000 -> 1053.1859
A92: Polygon((132.8331063687835.4139464861476,132.83316269516935.4138186071021,132.83212065696735.4135256868143,132.83206969499635.4136481013924,132.8331063687835.4139464861476)) | B92: （農）じきょう | C92: 島根県出雲市斐川町三分市355-1 | D92: 1439 | E92: 10/17 | F92: 10/17 | G92: 8 | P92: たちすずか | Q92: 直播（乾田） | R92: =SUM(200*$G92+250*$H92+300*$I92) -> 1600 | S92: =R92/D92*1000 -> 1111.8833
A93: Polygon((132.82616883516335.4166450145745,132.82621175050735.4166406427911,132.8266409039535.4158471601726,132.82641291618335.4157619095091,132.82616078853635.4157225630186,132.82613128423735.4158471601726,132.82577991485635.4164963738053,132.82616883516335.4166450145745)) | B93: （農）じきょう | C93: 島根県出雲市斐川町坂田3 | D93: 4065 | E93: 10/23 | F93: 10/23 | H93: 13 | P93: たちすずか | Q93: 直播（乾田） | R93: =SUM(200*$G93+250*$H93+300*$I93) -> 3250 | S93: =R93/D93*1000 -> 799.508
A94: Polygon((132.82725781202335.4170406599915,132.82784253358835.4159302248349,132.82683938741735.4156744728374,132.82676428556435.4156875883442,132.8262600302735.4166493863577,132.82628148794235.416690918286,132.82725781202335.4170406599915)) | B94: （農）じきょう | C94: 島根県出雲市斐川町坂田11 | D94: 12453 | E94: 10/23 | F94: 10/23 | H94: 69 | P94: たちすずか | Q94: 直播（乾田） | R94: =SUM(200*$G94+250*$H94+300*$I94) -> 17250 | S94: =R94/D94*1000 -> 1385.2084
A95: Polygon((132.82826900482235.4174275599845,132.82830655574835.4174210023729,132.82894760370335.4162165786723,132.82894223928535.4161903478288,132.82789081335135.4159411543894,132.82730072736735.4170625187977,132.82826900482235.4174275599845)) | B95: （農）じきょう | C95: 島根県出雲市斐川町坂田29 | D95: 13839 | E95: 10/23 | F95: 10/23 | H95: 70 | P95: たちすずか | Q95: 直播（乾田） | R95: =SUM(200*$G95+250*$H95+300*$I95) -> 17500 | S95: =R95/D95*1000 -> 1264.5422
A96: Polygon((132.82933920621935.4178428742936,132.82981932163235.4169357376392,132.82985687255935.4168483022413,132.82887786626835.4164832584301,132.82836824655535.417425374114,132.82837897539135.4174822067264,132.82933920621935.4178428742936)) | B96: （農）じきょう | C96: 島根県出雲市斐川町坂田40 | D96: 11672 | E96: 10/23 | F96: 10/23 | H96: 45 | P96: たちすずか | Q96: 直播（乾田） | R96: =SUM(200*$G96+250*$H96+300*$I96) -> 11250 | S96: =R96/D96*1000 -> 963.8451
A97: Polygon((132.82947599887835.4201052067515,132.83021360635835.4203631304757,132.83056497573935.4197226912332,132.82981663942335.4194472789355,132.82976835966135.4194669512737,132.82946258783335.4200571191861,132.82947599887835.4201052067515)) | B97: （農）じきょう | C97: 島根県出雲市斐川町坂田178 | D97: 5726 | E97: 10/23 | F97: 10/23 | H97: 26 | P97: たちすずか | Q97: 直播（乾田） | R97: =SUM(200*$G97+250*$H97+300*$I97) -> 6500 | S97: =R97/D97*1000 -> 1135.1729
A98: Polygon((132.83057302236635.4196680460109,132.83114165067735.4185969921714,132.83043086528835.4183259477177,132.83036381006235.4183565495565,132.82981932163235.4193729611701,132.82984346151435.419416677511,132.83057302236635.4196680460109)) | B98: （農）じきょう | C98: 島根県出雲市斐川町坂田183 | D98: 9580 | E98: 10/20 | F98: 10/20 | G98: 53 | P98: たちすずか | Q98: 直播（乾田） | R98: =SUM(200*$G98+250*$H98+300*$I98) -> 10600 | S98: =R98/D98*1000 -> 1106.4718
A99: Polygon((132.8311872482335.4185510895458,132.83135354518935.4182428855252,132.83058375120235.4179630964572,132.83043086528835.4182341421315,132.83044427633335.4182691157005,132.8311872482335.4185510895458)) | B99: （農）じきょう | C99: 島根県出雲市斐川町坂田186 | D99: 2581 | E99: 10/21 | F99: 10/21 | G99: 12 | P99: たちすずか | Q99: 直播（乾田） | R99: =SUM(200*$G99+250*$H99+300*$I99) -> 2400 | S99: =R99/D99*1000 -> 929.87214
A100: Polygon((132.83059716224735.4179587247453,132.83108800649635.4181401505897,132.83115506172235.4178319449971,132.83137232065235.4174363034657,132.83096730709135.4172789206589,132.83059716224735.4179587247453)) | B100: （農）じきょう | C100: 島根県出雲市斐川町坂田187 | D100: 3661 | E100: 10/21 | F100: 10/21 | G100: 14 | P100: たちすずか | Q100: 直播（乾田） | R100: =SUM(200*$G100+250*$H100+300*$I100) -> 2800 | S100: =R100/D100*1000 -> 764.81836
...

Sheet 集計
A2: 連番 | B2: 経営体名 | C2: 栽培品種 | D2: 栽培面積a | E2: 栽培方法 | F2: 収量kg | G2: 単収kg | J2: 栽培品種 | K2: 栽培方法 | L2: 単収kg
A3: 1 | B3: 原進 | C3: ヒメノモチ | D3: {=SUMPRODUCT((集計!$B3=データ!$B$2:$B$210)*(集計!$C3=データ!$P$2:$P$210)*(集計!$E3=データ!$Q$2:$Q$210)*データ!$D$2:$D$210)/100} -> 90.07 | E3: 移植 | F3: {=SUMPRODUCT((集計!$B3=データ!$B$2:$B$210)*(集計!$C3=データ!$P$2:$P$210)*(集計!$E3=データ!$Q$2:$Q$210)*データ!$R$2:$R$210)} -> 11600 | G3: =F3/D3*10 -> 1287.8872 | J3: たちすずか | K3: 移植 | L3: {=SUMPRODUCT(($J3=$C$3:$C$20)*($K3=$E$3:$E$20)*$F$3:$F$20)/SUMPRODUCT(($J3=$C$3:$C$20)*($K3=$E$3:$E$20)*$D$3:$D$20)*10} -> 2653.5081
A4: 2 | B4: （農）土手町上ファーム | C4: ヒメノモチ | D4: {=SUMPRODUCT((集計!$B4=データ!$B$2:$B$210)*(集計!$C4=データ!$P$2:$P$210)*(集計!$E4=データ!$Q$2:$Q$210)*データ!$D$2:$D$210)/100} -> 349.76 | E4: 移植 | F4: {=SUMPRODUCT((集計!$B4=データ!$B$2:$B$210)*(集計!$C4=データ!$P$2:$P$210)*(集計!$E4=データ!$Q$2:$Q$210)*データ!$R$2:$R$210)} -> 68800 | G4: =F4/D4*10 -> 1967.0631 | J4: たちすずか | K4: 直播（乾田） | L4: {=SUMPRODUCT(($J4=$C$3:$C$20)*($K4=$E$3:$E$20)*$F$3:$F$20)/SUMPRODUCT(($J4=$C$3:$C$20)*($K4=$E$3:$E$20)*$D$3:$D$20)*10} -> 1851.6783
A5: 3 | B5: （有）グリーンサポート斐川 | C5: ヒメノモチ | D5: {=SUMPRODUCT((集計!$B5=データ!$B$2:$B$210)*(集計!$C5=データ!$P$2:$P$210)*(集計!$E5=データ!$Q$2:$Q$210)*データ!$D$2:$D$210)/100} -> 378.55 | E5: 移植 | F5: {=SUMPRODUCT((集計!$B5=データ!$B$2:$B$210)*(集計!$C5=データ!$P$2:$P$210)*(集計!$E5=データ!$Q$2:$Q$210)*データ!$R$2:$R$210)} -> 75000 | G5: =F5/D5*10 -> 1981.2442 | J5: たちすずか | K5: 直播（湛水） | L5: {=SUMPRODUCT(($J5=$C$3:$C$20)*($K5=$E$3:$E$20)*$F$3:$F$20)/SUMPRODUCT(($J5=$C$3:$C$20)*($K5=$E$3:$E$20)*$D$3:$D$20)*10} -> 809.51169
A6: 4 | B6: （株）錦織農園 | C6: ヒメノモチ | D6: {=SUMPRODUCT((集計!$B6=データ!$B$2:$B$210)*(集計!$C6=データ!$P$2:$P$210)*(集計!$E6=データ!$Q$2:$Q$210)*データ!$D$2:$D$210)/100} -> 360.28 | E6: 直播（乾田） | F6: {=SUMPRODUCT((集計!$B6=データ!$B$2:$B$210)*(集計!$C6=データ!$P$2:$P$210)*(集計!$E6=データ!$Q$2:$Q$210)*データ!$R$2:$R$210)} -> 86800 | G6: =F6/D6*10 -> 2409.2373 | J6: つきはやか | K6: 移植 | L6: {=SUMPRODUCT(($J6=$C$3:$C$20)*($K6=$E$3:$E$20)*$F$3:$F$20)/SUMPRODUCT(($J6=$C$3:$C$20)*($K6=$E$3:$E$20)*$D$3:$D$20)*10} -> 3167.7019
A7: 5 | B7: （株）米らいふ | C7: つきはやか | D7: {=SUMPRODUCT((集計!$B7=データ!$B$2:$B$210)*(集計!$C7=データ!$P$2:$P$210)*(集計!$E7=データ!$Q$2:$Q$210)*データ!$D$2:$D$210)/100} -> 385.1 | E7: 移植 | F7: {=SUMPRODUCT((集計!$B7=データ!$B$2:$B$210)*(集計!$C7=データ!$P$2:$P$210)*(集計!$E7=データ!$Q$2:$Q$210)*データ!$R$2:$R$210)} -> 123300 | G7: =F7/D7*10 -> 3201.7658 | J7: つきはやか | K7: 直播（乾田） | L7: {=SUMPRODUCT(($J7=$C$3:$C$20)*($K7=$E$3:$E$20)*$F$3:$F$20)/SUMPRODUCT(($J7=$C$3:$C$20)*($K7=$E$3:$E$20)*$D$3:$D$20)*10} -> 2893.9634
A8: 6 | B8: （農）別名ファーム | C8: きぬむすめ | D8: {=SUMPRODUCT((集計!$B8=データ!$B$2:$B$210)*(集計!$C8=データ!$P$2:$P$210)*(集計!$E8=データ!$Q$2:$Q$210)*データ!$D$2:$D$210)/100} -> 355.05 | E8: 移植 | F8: {=SUMPRODUCT((集計!$B8=データ!$B$2:$B$210)*(集計!$C8=データ!$P$2:$P$210)*(集計!$E8=データ!$Q$2:$Q$210)*データ!$R$2:$R$210)} -> 108800 | G8: =F8/D8*10 -> 3064.3571 | J8: ヒメノモチ | K8: 移植 | L8: {=SUMPRODUCT(($J8=$C$3:$C$20)*($K8=$E$3:$E$20)*$F$3:$F$20)/SUMPRODUCT(($J8=$C$3:$C$20)*($K8=$E$3:$E$20)*$D$3:$D$20)*10} -> 1898.8734
A9: 7 | B9: （農）あっとふぁーむ黒目 | C9: つきはやか | D9: {=SUMPRODUCT((集計!$B9=データ!$B$2:$B$210)*(集計!$C9=データ!$P$2:$P$210)*(集計!$E9=データ!$Q$2:$Q$210)*データ!$D$2:$D$210)/100} -> 194.5 | E9: 移植 | F9: {=SUMPRODUCT((集計!$B9=データ!$B$2:$B$210)*(集計!$C9=データ!$P$2:$P$210)*(集計!$E9=データ!$Q$2:$Q$210)*データ!$R$2:$R$210)} -> 60300 | G9: =F9/D9*10 -> 3100.2571 | J9: ヒメノモチ | K9: 直播（乾田） | L9: {=SUMPRODUCT(($J9=$C$3:$C$20)*($K9=$E$3:$E$20)*$F$3:$F$20)/SUMPRODUCT(($J9=$C$3:$C$20)*($K9=$E$3:$E$20)*$D$3:$D$20)*10} -> 2409.2373
A10: 8 | B10: （有）グリーンサポート斐川 | C10: きぬむすめ | D10: {=SUMPRODUCT((集計!$B10=データ!$B$2:$B$210)*(集計!$C10=データ!$P$2:$P$210)*(集計!$E10=データ!$Q$2:$Q$210)*データ!$D$2:$D$210)/100} -> 384.09 | E10: 移植 | F10: {=SUMPRODUCT((集計!$B10=データ!$B$2:$B$210)*(集計!$C10=データ!$P$2:$P$210)*(集計!$E10=データ!$Q$2:$Q$210)*データ!$R$2:$R$210)} -> 86000 | G10: =F10/D10*10 -> 2239.0586
A11: 9 | B11: （農）土手町上ファーム | C11: きぬむすめ | D11: {=SUMPRODUCT((集計!$B11=データ!$B$2:$B$210)*(集計!$C11=データ!$P$2:$P$210)*(集計!$E11=データ!$Q$2:$Q$210)*データ!$D$2:$D$210)/100} -> 344.63 | E11: 移植 | F11: {=SUMPRODUCT((集計!$B11=データ!$B$2:$B$210)*(集計!$C11=データ!$P$2:$P$210)*(集計!$E11=データ!$Q$2:$Q$210)*データ!$R$2:$R$210)} -> 91500 | G11: =F11/D11*10 -> 2655.0213
A12: 10 | B12: （株）錦織農園 | C12: つきはやか | D12: {=SUMPRODUCT((集計!$B12=データ!$B$2:$B$210)*(集計!$C12=データ!$P$2:$P$210)*(集計!$E12=データ!$Q$2:$Q$210)*データ!$D$2:$D$210)/100} -> 353.84 | E12: 直播（乾田） | F12: {=SUMPRODUCT((集計!$B12=データ!$B$2:$B$210)*(集計!$C12=データ!$P$2:$P$210)*(集計!$E12=データ!$Q$2:$Q$210)*データ!$R$2:$R$210)} -> 102400 | G12: =F12/D12*10 -> 2893.9634
A13: 11 | B13: （株）あかつきファーム今在家 | C13: きぬむすめ | D13: {=SUMPRODUCT((集計!$B13=データ!$B$2:$B$210)*(集計!$C13=データ!$P$2:$P$210)*(集計!$E13=データ!$Q$2:$Q$210)*データ!$D$2:$D$210)/100} -> 1407.97 | E13: 直播（乾田） | F13: {=SUMPRODUCT((集計!$B13=データ!$B$2:$B$210)*(集計!$C13=データ!$P$2:$P$210)*(集計!$E13=データ!$Q$2:$Q$210)*データ!$R$2:$R$210)} -> 241400 | G13: =F13/D13*10 -> 1714.5252
A14: 12 | B14: （農）相場ファーム | C14: たちすずか | D14: {=SUMPRODUCT((集計!$B14=データ!$B$2:$B$210)*(集計!$C14=データ!$P$2:$P$210)*(集計!$E14=データ!$Q$2:$Q$210)*データ!$D$2:$D$210)/100} -> 768.17 | E14: 直播（乾田） | F14: {=SUMPRODUCT((集計!$B14=データ!$B$2:$B$210)*(集計!$C14=データ!$P$2:$P$210)*(集計!$E14=データ!$Q$2:$Q$210)*データ!$R$2:$R$210)} -> 133000 | G14: =F14/D14*10 -> 1731.3876
A15: 13 | B15: （株）錦織農園 | C15: たちすずか | D15: {=SUMPRODUCT((集計!$B15=データ!$B$2:$B$210)*(集計!$C15=データ!$P$2:$P$210)*(集計!$E15=データ!$Q$2:$Q$210)*データ!$D$2:$D$210)/100} -> 1251.92 | E15: 直播（乾田） | F15: {=SUMPRODUCT((集計!$B15=データ!$B$2:$B$210)*(集計!$C15=データ!$P$2:$P$210)*(集計!$E15=データ!$Q$2:$Q$210)*データ!$R$2:$R$210)} -> 310700 | G15: =F15/D15*10 -> 2481.788
A16: 14 | B16: どてまち営農組合 | C16: たちすずか | D16: {=SUMPRODUCT((集計!$B16=データ!$B$2:$B$210)*(集計!$C16=データ!$P$2:$P$210)*(集計!$E16=データ!$Q$2:$Q$210)*データ!$D$2:$D$210)/100} -> 408.35 | E16: 移植 | F16: {=SUMPRODUCT((集計!$B16=データ!$B$2:$B$210)*(集計!$C16=データ!$P$2:$P$210)*(集計!$E16=データ!$Q$2:$Q$210)*データ!$R$2:$R$210)} -> 90900 | G16: =F16/D16*10 -> 2226.0316
A17: 15 | B17: （農）じきょう | C17: たちすずか | D17: {=SUMPRODUCT((集計!$B17=データ!$B$2:$B$210)*(集計!$C17=データ!$P$2:$P$210)*(集計!$E17=データ!$Q$2:$Q$210)*データ!$D$2:$D$210)/100} -> 966.93 | E17: 直播（乾田） | F17: {=SUMPRODUCT((集計!$B17=データ!$B$2:$B$210)*(集計!$C17=データ!$P$2:$P$210)*(集計!$E17=データ!$Q$2:$Q$210)*データ!$R$2:$R$210)} -> 109400 | G17: =F17/D17*10 -> 1131.4159
A18: 16 | B18: （株）米らいふ | C18: たちすずか | D18: {=SUMPRODUCT((集計!$B18=データ!$B$2:$B$210)*(集計!$C18=データ!$P$2:$P$210)*(集計!$E18=データ!$Q$2:$Q$210)*データ!$D$2:$D$210)/100} -> 215.56 | E18: 移植 | F18: {=SUMPRODUCT((集計!$B18=データ!$B$2:$B$210)*(集計!$C18=データ!$P$2:$P$210)*(集計!$E18=データ!$Q$2:$Q$210)*データ!$R$2:$R$210)} -> 86100 | G18: =F18/D18*10 -> 3994.2475
A19: 17 | B19: （農）おきす | C19: たちすずか | D19: {=SUMPRODUCT((集計!$B19=データ!$B$2:$B$210)*(集計!$C19=データ!$P$2:$P$210)*(集計!$E19=データ!$Q$2:$Q$210)*データ!$D$2:$D$210)/100} -> 1689.29 | E19: 直播（湛水） | F19: {=SUMPRODUCT((集計!$B19=データ!$B$2:$B$210)*(集計!$C19=データ!$P$2:$P$210)*(集計!$E19=データ!$Q$2:$Q$210)*データ!$R$2:$R$210)} -> 136750 | G19: =F19/D19*10 -> 809.51169
A20: 18 | B20: （農）碇下ファーム | C20: たちすずか | D20: {=SUMPRODUCT((集計!$B20=データ!$B$2:$B$210)*(集計!$C20=データ!$P$2:$P$210)*(集計!$E20=データ!$Q$2:$Q$210)*データ!$D$2:$D$210)/100} -> 385.32 | E20: 移植 | F20: {=SUMPRODUCT((集計!$B20=データ!$B$2:$B$210)*(集計!$C20=データ!$P$2:$P$210)*(集計!$E20=データ!$Q$2:$Q$210)*データ!$R$2:$R$210)} -> 90800 | G20: =F20/D20*10 -> 2356.4829
